timestamp,service,status,response_ms
2026-09-28T10:00,web,up,241
2026-09-28T10:00,api,up,99
2026-09-28T10:00,payments,up,320
2026-09-28T10:05,web,up,283
2026-09-28T10:05,api,up,86
2026-09-28T10:05,payments,up,279
2026-09-28T10:10,web,up,268
2026-09-28T10:10,api,up,92
2026-09-28T10:10,payments,up,316
2026-09-28T10:15,web,up,274
2026-09-28T10:15,api,up,87
2026-09-28T10:15,payments,down,0
2026-09-28T10:20,web,up,264
2026-09-28T10:20,api,up,107
2026-09-28T10:20,payments,down,0
2026-09-28T10:25,web,up,204
2026-09-28T10:25,api,up,91
2026-09-28T10:25,payments,up,325
2026-09-28T10:30,web,up,253
2026-09-28T10:30,api,up,88
2026-09-28T10:30,payments,up,300
2026-09-28T10:35,web,down,0
2026-09-28T10:35,api,up,91
2026-09-28T10:35,payments,up,340
2026-09-28T10:40,web,up,254
2026-09-28T10:40,api,up,87
2026-09-28T10:40,payments,up,342
2026-09-28T10:45,web,up,215
2026-09-28T10:45,api,up,108
2026-09-28T10:45,payments,up,350
2026-09-28T10:50,web,up,280
2026-09-28T10:50,api,up,154
2026-09-28T10:50,payments,up,277
2026-09-28T10:55,web,up,273
2026-09-28T10:55,api,up,154
2026-09-28T10:55,payments,up,320
2026-09-28T11:00,web,up,251
2026-09-28T11:00,api,up,133
2026-09-28T11:00,payments,up,342
2026-09-28T11:05,web,up,228
2026-09-28T11:05,api,up,118
2026-09-28T11:05,payments,down,0
